id,text_appeal,issue_theme1,neg1,issue_theme2,neg2
2017-02-21_CDA,Er is maar één echte waakhond voor uw pensioen: dat is onze Pieter Omtzigt! Bovendien verhoogt het CDA de AOW-uitkering. En hebben we betrouwbare en reële plannen voor uw pensioen. Voor nu en in de toekomst.,social,0,social,0
2017-03-14_CU,De rechtsstaat verdeidg je niet door hem in te perken,admin,1,gov,0
2017-02-24_PvdD,"De gevestigde partijen houden ons voor dat we door moeten gaan op de ingeslagen weg van mondialiseren, meer economische groei, meer consumeren, meer produceren",econ,1,econ,1
2017-02-17_PvdD,Meer biologische landbouw! #PlanB,agrar,0,agrar,0
2017-02-16_FvD,"Forum voor Democratie wil breken met de ""weg met ons mentaliteit"". De nationale souvereiniteit moet terug. De ongecontroleerde immigratie bedreigt de maatschappelijke vrede. Wij willen bindende referenda.  wij willen de macht terug uit Brussel naar het NL parlement.  gekozen burgemeesters en gecontrolleerde immigratie.",norm,0,norm,0
2017-03-12_50PLUS,Er zijn een heleboel mensen die het slecht hebben en daar neemt 50 plus het voor op,social,0,social,0
2017-02-21_CDA,Wat 50Plus nu laat zien is volksverlakkerij. Zij geven de ouderen een sigaar uit eigen doos door de AOW te verlagen om de pensioenleeftijd terug te brengen naar 65.,social,1,social,1
2017-02-26_PvdD,Voor duurzaam onderwijs op scholen! #PlanB,edu,0,edu,0
2017-02-20_PvdD,Ook kunst en cultuur zijn bij ons in goede handen.,norm,0,norm,0
2017-03-09_CDA,De huidige Tweede Kamer is te randstedelijk. Het CDA kiest ook voor kandidaten uit andere regio's van Nederland. Onze kandidaten weten wat er lokaal speelt!,norm,0,gov,0
2017-03-06_CDA,Het CDA zal ervoren dat ziekenhuizen in de regio niet voor patienten in de randstad gaan betalen,health,0,health,0
2017-03-03_VVD,En vervolgens ervoor gezorgd dat mensen met langdurige zorg niet meer een vermogingsbijtelling hebben,health,0,health,0
2017-03-02_SP,Maar 340.000 Oost-Europeanen die hier worden uitgebuit  onder slechte omstandigheden wonen en werken en werk doen wat ook door Nederlanders zonder baan gedaan kan worden  vindt hij prima.,imm,1,imm,1
2017-03-09_D66,"Voor d66 is het mensen in hun waarden laten, mensen emanciperen, mensen een plek geven, de grondwet bewaken, de relatie tussen overheid en burgers in de gaten houden",norm,0,norm,0
2017-03-10_VVD,Zo willen wij strengere international regels  vervuilers aanpakken en schone bedrijven belonen,environ,0,environ,0
2017-02-15_CDA,"Onze veiligheid is geen vanzelfsprekendheid meer. Daarom investeren wij 2,1 miljard in Defensie!",defence,0,defence,0
2017-02-15_SP,Wij investeren drie miljoen om verzorgingshuizen open te houden. Dat maakt de sp uniek. Wij willen ook bezuinigingen op de thuiszorgen terugdraaien. Ouderenzorg daar wil de SP in investeren. Maar wij willen ook zorgen dat het geld aan de zorg GOED besteed wordt. De hardwerekende nederlander die willen wij ontzien. De grote bedrijven die kunnen wij een eerlijke belasting laten betalen.,health,0,health,0
2017-03-14_CDA,Draai het leenstelsel terug! We zien dat door dit leenstelsel vooral leerlingen met lager opgeleide of minder rijke ouders en jongeren met een beperking minder snel gaan studeren. Dat is oneerlijk en onacceptabel. Onderwijs moet voor iedereen toegankelijk zijn: of je nu rijk of arm bent.,edu,0,edu,0
2017-03-12_PvdD,Nederland geen belastingparadijs voor multinationals,econ,0,econ,0
2017-03-07_FvD,Op woensdag 15 maart reken we af met het partijkartel.,gov,1,gov,1
2017-03-14_D66,"Ik ben er trots op dat mijn partij, samen met gl en de cu de internationale afspraken haalt (klimaat)",environ,0,environ,0
2017-02-18_PVV,Ik ga Nederland niets beloven deze campagne.  op een ding na: en dat is dat we nederland weer van ons maken.  dat we onze grenzen sluiten.  en dat we al het geld dat we aan het buitenland geven aan de nederlander besteden.,imm,0,imm,0
2017-03-07_VVD,Dit zijn uitertesten en wij zeggen: je moet toch een middenweg kiezen,NA,0,NA,0
2017-03-08_SP,Ik denk daarnaast dat Klaver op het terrein van milieu doorslaat. Hij raakt mensen heel hard in de portemonnee. Neem zijn spitsheffing. Dat is een ordinaire filebelasting voor gewone mensen. Wat is daar nou sociaal en groen aan?,environ,1,environ,1
2017-02-17_CU,"Meer geld komt er onder meer voor defensie (2 miljard), veiligheid (100 miljoen) en milieu (800 miljoen). Daar staan bezuinigingen in onder meer het openbaar bestuur tegenover.",defence,0,defence,0
2017-03-04_PvdD,Er moet een betere klimaatwet komen,environ,0,environ,0
2017-03-12_PVV,De hoofdlijn van ons verhaal is dat wij kiezen voor het binnenland in plaats van voor het buitenland.,eu,0,eu,0
2017-03-11_VVD,De Turkijedeal werd alleen door VVD  PvdA en SGP gesteund. Niet door D66 en CDA.  omdat die vonden dat we geen deals moeten sluiten met de Turkse regering. Ze duiken weg. Hoe zal dat straks gaan? Ik maak me daar heel grote zorgen over,imm,1,imm,1
2017-02-24_PvdD,Voor comfortabel en betrouwbaar vervoer! #PlanB,mobility,0,mobility,0
2017-03-03_GL,Wij kunnen nog 15 andere manieren vinden om milieu te belasten,environ,0,environ,0
2017-03-06_D66,Maar die taalles vanaf dag één is er nog steeds niet. Dat neem ik dit kabinet zeer kwalijk. Zo organiseren ze een integratieram,imm,1,imm,1
2017-03-11_FvD,De bestaande nederlandse politieke partijen kunnen nederland niet goed besturen. Nationale soevereniteit staat onder druk  vrijheid van expressie is een probleem geworden,gov,0,gov,0
2017-03-06_D66,„Lastenverlichting. Onder Rutte zijn de lasten gestegen naar een historisch niveau. Mensen moeten aan het eind van de maand meer overhouden in hun portemonnee,econ,1,econ,1
2017-03-09_GL,Wat groenlinks juist laat zien  is dat je en de doelstellingen van het klimaatakkoord kan halen,environ,0,environ,0
2017-02-16_CDA,langere eigen bijdragen WMO,health,0,health,0
2017-02-28_PvdD,Geen belasting op arbeid maar op grondstoffen,econ,0,econ,0
2017-03-02_PvdA,Banen erbij  minder werkloosheid,job,0,job,0
2017-03-07_PvdD,"n 1917 konden vrouwen voor het eerst in het parlement gekozen worden. Nu, 100 jaar later, is van de 17 fractievoorzitters in de Tweede kamer, maar 1 vrouwelijke lijsttrekker, Marianne Thieme.",norm,0,norm,0
2017-03-04_SP,Met duizenden SP'ers gingen we vandaag langs de deuren en stonden we op de markten. Voor een Nationaal ZorgFonds zonder eigen risico. Voor de AOW op 65 en vast werk voor jongeren. Voor hogere lonen en lagere huren.,health,0,health,0
2017-03-11_PvdA,Wij trekken 10 miljard uit om innovatie te bevorderen. Gaandeweg zullen we nieuwe mogelijkheden vinden,job,0,job,0
2017-03-14_D66,U slaat in uw beeld van de sameleving helemaal door,norm,1,norm,1
2017-03-13_D66,Bij het cda kom ik altijd bij de allochten,imm,1,imm,1
2017-03-03_SGP,Ik zou zeker tegen die meneer zeggen: ik wil uw zorg absoluut serious nemene,health,0,health,0
2017-02-15_PvdD,AOW vanaf 65 jaar,social,0,social,0
2017-02-27_SP,Wat wilders in zijn programma schreef toen hij er nog wel een had: driekwart van de huurwoningen verkopen!,housing,1,housing,1
2017-03-03_GL,Ik vind dat wij de positie van die boeren moeten versterken,agrar,0,agrar,0
2017-03-14_CDA,Na die vier jaar is nederland door uw bozer banger en verdeelder dan ooit,norm,0,norm,0
2017-03-13_CDA,Tuurlijk wil ik dat de debat aangaan! (levensbeeindiging),health,0,health,0
2017-02-23_SP,Een inlegvelletje in een associatieverdrag met Oekra√Øne was voor een meerderheid van de politieke partijen reden genoeg om de referendumuitslag opzij te schuiven.  bleek zojuist bij de stemmingen. Niet voor ons. Rutte had de uitslag van het referendum moeten accepteren. Nee blijft nee.,eu,1,eu,1
2017-02-20_SP,Want de liberalen koesteren die 'dure en bureaucratische marktwerking en commercie in de zorg' en zouden het eigen risico het liefst willen verhogen tot 500 euro. 'We maken een front tegen het rechtse afbraakbeleid van Rutte.',health,1,health,1
2017-02-15_SP,Wij investeren drie miljoen om verzorgingshuizen open te houden. Dat maakt de sp uniek. Wij willen ook bezuinigingen op de thuiszorgen terugdraaien. Ouderenzorg daar wil de SP in investeren. Maar wij willen ook zorgen dat het geld aan de zorg GOED besteed wordt. De hardwerekende nederlander die willen wij ontzien. De grote bedrijven die kunnen wij een eerlijke belasting laten betalen.,health,0,health,0
2017-03-06_D66,"Als ik het VVD-programma lees, lijkt het wel of Nederland af is. Geen enkele ambitie! Kom op, denk ik dan. Er is genoeg te doen! De zorg kan persoonlijker. En twee miljoen mensen met payroll-contracten en uitzendbanen willen graag een vaste baan",health,1,health,1
2017-02-28_GL,GL wil klassen van max 21 leerlingen op het VMBO. Hoger salaris VMBO docenten. Brede brugklassen. Stapelen toegankelijker maken op alle niveaus.,edu,0,edu,0
2017-02-17_PvdD,Geen belasting op arbeid maar op grondstoffen,econ,0,econ,0
2017-02-16_VVD,Wat betekent het VVD-programma voor ons gave LAnd? DE economie blijft groeien. Meer mensen krijgen een baan. De werkloosheid blijft dalen. In de toekomst 245.000 banen erbij. Werkende NL gaan erop vooruit. MEer geld voor werkende ouders. Kinderopvangtoeslag omhoog. Ook investeren we in defensie.  een veiliger NL en betere ouderenzorg.,econ,0,econ,0
2017-03-13_CDA,"Het CDA wil meer aandacht en zorg voor mantelzorgers. Daarnaast pleit Keijzer voor de invoering van een maatschappelijke dienstplicht voor jongeren, 'zodat hoog- en laagopgeleiden weer met elkaar in contact komen'.",health,0,health,0
2017-03-02_PvdA,Wij vinden dat we gemeente in staat moeten stellen om de mensen een fatsoenlijk contract te geven (zorg),health,0,,
2017-03-08_CDA,Pieter Omtzigt pleitte ook voor meer bescherming van strategisch belangrijke bedrijven,entrep,0,entr,0
2017-03-11_PvdA,Mijn opvattingen over arbeidsmigratie   over globalisering. de arbeidsmarkt.  over herverdeling en belastingheffing zijn juist bedoeld om mensen weer de zekerheid te geven die ze door de globalisering zijn kwijtgeraakt.,jobs,0,jobs,0
2017-03-03_VVD,Ook de VVD toont zich een ware koopman. De partij wil vooral actief zijn in landen 'waar onze belangen op het spel staan'. Het is zeker niet de bedoeling dat Nederland zich 'terugtrekt achter de dijken'  want de partij wil ambassades versterken in landen waar economische kansen of juist bedreigingen liggen.,entrep,0,entr,0
2017-03-02_SP,Ik vind het hypocriet wat de president hier zegt. Hij schreeuwt moord en brand over mensen die we met elkaar willen helpen. Vervolgens zet hij die grens open voor 340K mensen uit oosteuropa.,imm,1,imm,1
2017-03-12_FvD,Fvd wil snel een forse uitbreiding van de Nationale Reserve . Onze Nr. 3 Susan Teunissen (Kapitein bij de Landmacht) gaat zich namens FVD inzetten om dit te realiseren in Den Haag.,defence,0,defence,0
2017-03-05_GL,GroenLinks wil minder bureaucratie en meer personeel in de thuiszorg. Zodat de mensen die er werken de ruimte krijgen om goede zorg te leveren. Groenlinks wil midner bureaucratie in de zorg doro simpelere procedures en regelgeving. Meer personaal in de thuiszorg.  (wijk)verpleging en verzorging. Verbetering van samenwerking tussen zorgverleners op buurtniveau.,health,0,health,0
2017-02-20_FvD,FVD gaat pal staan voor NL wetgeving. Investeren in zorgn en onderwijs. Voor het FVD ga ik bureaucratie in de zorg terugdringen. FVD gaat de dynanmiek terugbrengen in de NL samenleving en economie. Eenvoudiger belastingstelsel. Voor vrijheid van meningsuiting.  voor directe democracie.  tegen europese beknotting en tegen dwang van radicale islam.,norm,0,norm,0
2017-02-17_GL,Met een reeks ingrepen in de belastingen verschuift GroenLinks lasten van lage inkomens naar hogere inkomens. Verder scoort de partij hoog op het terrein van duurzaamheid  de minste files en in de top bij het terugdringen van broeikasgassen. Het percentage duurzame energie gaat van 6 procent in 2015 naar 61 procent in 2030.,econ,0,econ,0
2017-02-26_CDA,"We moeten onze waarden en normen beschermen. De vrijheid van meningsuiting is niet onbegrensd. Als onze vrijheden worden misbruikt om terroristisch geweld te verheerlijken, moet de overheid een duidelijke grens stellen. Daarom dient Mona Keijzer morgen een wetsvoorstel in om het verheerlijken van terroristisch geweld strafbaar te stellen. Anderen roepen, het CDA doet!",norm,0,norm,0
2017-02-24_D66,"""Ik snap nu wel waarom zo weinig jongeren CDA stemmen. U doet alsof alle jongeren ontsporen. Onzin! Nederlandse jongeren doen het juist vaak goed."" Alexander Pechtold tegen Sybrand van Haersma-Buma. Het CDA wil investeren in een verplichte militaire dienstplicht. D66 investeert liever in onderwijs! ����",norm,1,norm,1
2017-03-04_CDA,Sybrand Buma wil een normen en waarden-offensief lanceren dat op scholen ruim baan moet krijgen.,norm,0,norm,0
2017-03-14_PvdD,"Wij staan voor radicale vergroening van ons belastingstelsel met lagere belasting op arbeid en hogere op grondstoffen, niet andersom.",econ,0,environ,0
2017-03-06_D66,"De afgelopen jaren hebben sommige politici te veel beloofd en te weinig waargemaakt. Ik heb laten zien dat ik doe wat ik zeg. Wij namen, anders dan het CDA, verantwoordelijkheid in moeilijke tijden. Mijn inzet bij het herfstakkoord was meer geld voor het onderwijs en dat kwam er",edu,0,gov,1
2017-03-06_VVD,Als partijen als CDA en D66 zeggen: we willen perfect dealsn  we willen schone handen  we willen alleen op de tribune commentaar leveren op wat er gebeurt  dan kun je een land niet besturen,imm,1,imm,1
2017-03-13_SGP,we willen overbodige regels in de zorg schrappen,health,0,health,0
2017-02-17_50PLUS,Wat PVV en 50Plus bindt met de SP is dat ze alledrie de AOW-leeftijd terug willen brengen naar 65 jaar,social,0,social,0
2017-02-17_PvdA,De VVD vindt conci√´rges  klassenassistenten en toezichthouders in de bus geen echte banen…,jobs,1,jobs,1
2017-03-05_SP,Marktwerking zou geen plek moeten hebben in de zorg  zo toonde Emile Roemer vanochtend in Buitenhof aan. Het kan en moet anders. Daarom pleiten wij samen met een kwart miljoen anderen voor een Nationaal ZorgFonds!,health,0,health,0
2017-03-13_GL,Wat is normaal? Kijk als je een laag inkomen hebt of arbeidsongeschikt bent.  speciaal onderwijs nodg hebt.  of als je een huurwoning hebt  dan ben je gewoon niet normaal. Dan zoek je het bij de VVD maar lekker zelf uit,norm,1,norm,1
2017-03-04_PvdD,Aanpak van de oorzaak van vluchtelingenstromen,imm,0,imm,0
2017-02-15_SP,Ouderen die liever in een verzorgingstehuis willen wonen mogen niet veroordeeld worden tot tegen hun zin thuis blijven wonen. Toch is dat wat het kabinet Rutte-Asscher heeft gedaan. De SP maakt 300 miljoen vrij om verzorgingstehuizen open te houden,health,1,health,1
2017-03-13_SGP,Binnen het basispakket willen we zoveel mogelijk zorg op maat aanbieden,health,0,health,0
2017-03-14_PvdD,"In plan b stoppen we met chemische middelen, beschermen we de natuur en zaaien we wilde bloeme in akkerranden",environ,0,environ,0
2017-02-28_D66,"Als het gaat om er zijn voor iedereen, dan zet je mensen weg",norm,1,norm,1
2017-02-18_CDA,Ook andere partijen mogen trots zijn op de monarchie,norm,1,norm,1
2017-03-13_SGP,"de SGP investeert in de zorg, zodat zorgorganisaties meer mensen kunnen aannemen",health,0,health,0
2017-02-15_D66,We leveren wanneer we in de oppositie zitten,gov,0,gov,0
2017-02-17_PvdD,drie maanden betaald ouderschapsverlof voor vaders!,social,0,social,0
2017-02-18_GL,Wij willen dat er heel veel geld extra naar de zorg gaat  vooral de ouderenzorg. Daar is hard op bezuinigd. Wij willen twee begeleiders op tien cliënten en daar zijn 100 duizend zorgmensen voor nodig.',health,0,health,0
2017-03-07_SP,Wij zeggen: na de kaalslag is een inhaalslag nodig,econ,0,econ,0
2017-03-06_CU,De CU heeft een geloofwaardig plan om klimaatverandering aan te pakken,environ,0,environ,0
2017-02-22_PvdD,Het resultaat is het enige dat telt voor het kabinet: Europese partners niet dwarszitten en Europese expajnsiedrift richting het oosten verder helpen,eu,1,eu,1
2017-03-13_D66,Ik vind dat je over zorgvuldige themas zoals de dood zorgvuldig en lang moet praten,health,0,health,0
2017-03-12_PVV,Mijn missie is vechten voor het vrije Nederland en vechten tegen de islamisering.,imm,0,imm,0
2017-03-04_PvdD,Basisinkomen voor iedereen,social,0,social,0
2017-02-25_FvD,Wij presenteren een wet waarin instellingen vijf fundamentele waarden van de Nederlandse cultuur moeten onderschrijven. Wij stoppen buitenlandse financiering van relgieuze instellingen. Tot nu toe is er geen enkel debat gevoerd door bestaande partijen over wat de burger het meest beroert: en dat is integratie.,norm,0,norm,
2017-02-27_50PLUS,Wat ons betreft gaan mensen die gepensioneerd zijn er dik op vooruit,social,0,social,0
2017-03-11_PvdA,Wij trekken 10 miljard uit om innovatie te bevorderen. Gaandeweg zullen we nieuwe mogelijkheden vinden,jobs,0,jobs,0
2017-03-10_CU,We hebben zo'n intensief maatschappelijk debat,norm,0,norm,0
2017-03-03_SP,Samen breken we met de jarenlange politiek van ieder-voor-zich en zorgen we voor:‚úì Een Nationaal ZorgFonds zonder eigen risico‚úì Hogere lonen en lagere huren‚úì AOW op 65 jaar met een hogere uitkering,health,0,health,0
2017-02-26_SP,Emile Roemer: 'Natuurlijk schaffen wij het eigen risico zo snel mogelijk af. Want het is een ordinaire boete op ziek zijn.'Wij willen de marktwerking in de zorg slopen. En daarom willen wij een nationaal zorgfonds zonder eigen risico.,health,0,health,0
2017-03-09_SP,De veiligheidsrisicos beperken,defence,0,defence,0
2017-03-11_PvdA,Met onze plannen voor de komende vier jaar en de maatregelen die we in de jaren daarna gaan nemen  denken we de doelstellingen te halen,environ,0,environ,0
2017-03-11_PvdD,"""Kern van onze boodschap is dat we het belang van de zwakke willen beschermen tegenover het recht van de sterkste. Dat geldt uiteraard voor de dieren, maar niet alleen daarvoor; ook voor mensen.""",norm,0,norm,0
2017-03-07_PvdD,Wij zijn voor een kilmaatwet,environ,0,environ,0
2017-03-13_CDA,Ik heb gezegd dat partijen dit debat niet moeten beginnen met een nee of een ja (levensbeeindiging),health,1,health,1
2017-02-16_D66,d66 zorgt voor goede zorg,health,0,health,0
2017-03-09_SP,Door het VVD-beleid is er veel meer geprivatiseerd  veel minder overheidsbeleid  dat betekent grotere klassen  bezuinigingen op de zorg  dat betekent vrij spel voor banken,econ,0,econ,1
2017-03-14_PvdD,Je bent kortzichtig als je denkt dat opvang in de regio vluchtelingen tegenhoudt,imm,1,imm,1
2017-03-13_GL,Wij verlagen uw zorgtoeslagen,health,0,health,0
2017-02-26_SP,Gelukszoekers als Starbucks en IKEA laten we eindelijk normaal belasting betalen. Daarmee investeren we miljarden in de ouderenzorg.',econ,0,econ,0
2017-03-02_PvdA,U doet nu net alsof flexibiliteit op de arbeidsmarkt deze regeringsperiode is ontstaan,jobs,1,jobs,1
2017-03-12_50PLUS,"Corrie van Brenk, nummer 4 op de lijst van 50PLUS en gespecialiseerd in Sociale Zaken, vertelt in een interview met 50PLUS TV waarom de AOW-leeftijd terug naar 65 kan en moet.",social,0,social,0
2017-03-02_SGP,Er moet meer macht bij lidstaten blijven,eu,0,eu,0
2017-02-26_D66,"Linkse partijen hebben het over het nivelleren van inkomens, maar dan denk ik: ga eens dertig jaar daarvóór zitten, bij het kind in de klas.'",edu,1,edu,1
2017-02-17_D66,Daar staan bezuinigingen tegenover in de zorg en de sociale zekerheid. Het eigen risico in de zorg blijft in stand. Wel gaat de zorgpremie omlaag in het kader van een forse lastenverlichting van 10 miljard euro. Bedrijven worden juist voor bijna 4 miljard extra aangeslagen,health,0,health,0
2017-03-06_CU,"De ChristenUnie wil in één generatie naar een schone energievoorziening. Want wij willen de aarde, Gods schepping, ons gemeenschappelijke huis, gezond doorgeven aan volgende generaties.",environ,0,environ,0
2017-02-27_SP,Mensen die om economische redenen op de PVV willen stemmen komen van de regen in de drup,econ,1,econ,1
2017-03-05_PvdA,We hebben de overheidsfiancnien op orde gebracht en de werkloosheid daalt. In het Nederland waar ik leiding aan wil geven  bouwen we aan een sociale samenleving. De PvdA wil af van het eigen risico  zo houden we de zorg toegankelijk en betaalbaar voor iedereen.,econ,0,econ,0
2017-03-14_CDA,"En uw belofte met een eigen risico, nu afschaffen, echt u ,geloof het zelf niet",health,1,health,1
2017-03-11_FvD,Dat doen we door de belastingen sterk te vereenvoudigen en het voor iedereen mogelij kte maken dat we gaan werken en ondernemen,econ,0,econ,0
2017-03-02_FvD,Het MKB vormt het hart van de Nederlandse economie. Dit zijn onze standpunten: Versoepeling van het ontslagrecht.Regels omtrent ziekte voor het MKB versoepelen.Radicale vereenvoudiging belastingstelsel.Wegnemen van overbodige regulering.Onmiddellijke afschaffing van de wet DBA Vereenvoudigen fiscale regelgeving ZZP‚Äôers door een belastingvrije voet van ‚Ç¨20.000 ‚úî Substantieel hogere investeringen van de Nederlandse pensioenfondsen in de Nederlandse economie.,entrep,0,entr,0
2017-02-23_SP,Een inlegvelletje in een associatieverdrag met Oekra√Øne was voor een meerderheid van de politieke partijen reden genoeg om de referendumuitslag opzij te schuiven.  bleek zojuist bij de stemmingen. Niet voor ons. Rutte had de uitslag van het referendum moeten accepteren. Nee blijft nee.,eu,1,eu,1
2017-03-14_GL,Wij kiezen voor een centrumlinkse variant,gov,0,gov,0
2017-03-13_FvD,FVD wil het EU-associatieverdrag met Turkije opzeggen (voor zover dat √ºberhaupt kan) en snel een referendum over het Nederlandse EU-lidmaatschap.,eu,0,eu,0
2017-03-14_CU,"ChristenUnie wil zich ook ná morgen hard maken voor: ☑️ De toekomst van de kinderen in Nederland; met ouders die tijd krijgen om voor hun kinderen te zorgen en met een schone schepping waarin zij opgroeien. ☑️ Een land waarin iedereen meetelt en we omzien naar elkaar. Waarin we mensen niet afschrijven maar waardig ouder laten worden. Waar we opkomen voor het ongeboren leven, mensen met een handicap of oorlogsvluchtelingen. ☑️ Een wereld waarin we pal staan voor onze rechtsstaat en onze vrijheden zoals de vrijheid van godsdienst en onderwijs verdedigen.",norm,0,norm,0
2017-03-13_SP,Daarom zegt de SP: Voor iedereen die wil gewwon AOW op 65,social,0,social,0
2017-02-21_CDA,"STEM LIVE: Stop de marktwerking in de zorg! Voor = like Tegen = verdrietig Om de marktwerking in de zorg verder te beheersen willen wij een verbod op winstuitkeringen door zorgverzekeraars, zorginstellingen en ziekenhuizen. Geld dat voor de zorg is bedoeld moet in de zorg blijven of tot lagere premies leiden en mag niet als winst in de zakken van investeerders of aandeelhouders verdwijnen.",health,0,health,0
2017-03-09_CDA,"Maar ik vind het echt onzin om hiervoor bij een Turkse ambassade te gaan demonstreren en niet naar alle debatten te komen om hierover te discussiëren', wierp CDA-leider Sybrand Buma Wilders woensdag voor de voeten.",norm,1,norm,1
2017-02-17_D66,net als de sp wil ik meer handen aan het bed,health,0,health,0
2017-03-09_VVD,Maar 4 jaar later groeit de economie  neemt werkloosheid af en is er een begrotingsoverschot,econ,0,econ,0
2017-02-24_PvdD,Voor comfortabel en betrouwbaar vervoer! #PlanB,mobility,0,mobility,0
2017-03-03_CDA,"Brandweerman én kandidaat op de CDA-lijst Eugène van Mierlo: ´We zien dat Nederland steeds individualistischer wordt. We zien polarisatie, steeds meer en steeds vaker. Dat is niet de samenleving waar ik voor sta!´",norm,0,norm,0
2017-02-25_PVV,pvv leider wildes vindt dat het kabinet ten onrechte de indruk wekt dat hij veilig is. Veilig? Als je op dit soort lijstjes staat en je moslimbeveilgers corrupt zijn dan denk je daar wel anders over HERE NVAN HET KABINET,crime,1,crime,1
2017-03-02_PvdA,Financiaal moet je soms moeilijke keuzes maken en dat hebben wij gedaan,econ,0,econ,0
2017-03-10_FvD,Het partijkartel bestaat op het binnenhof  dat bestaat uit de gevestigde machtspartijen,gov,1,gov,1
2017-02-15_SP,Stem 15 maart op een partij die zich duidelijk uitspreekt tegen CETA en geen kattenluikje open laat staan voor een regering met de VVD,entrep,0,entr,1
2017-03-06_CDA,hier vier jaar geleden in Carré' - dat er geen euro meer naar Griekenland zou gaan. 'Ze weten zelf dat het niet waargemaakt gaat worden.',eu,1,eu,1
2017-02-26_SP,Om grote veranderingen voor elkaar te krijgen  moeten we nu breken met 30 jaar VVD-beleid.',econ,1,econ,1
2017-03-09_D66,d66 heeft hoe langer hoe meer een accent gelegd op bescherming van de planeet,environ,0,environ,0
2017-02-28_SP,Wij strijden voor een Nationaal ZorgFonds zonder eigen risico. Een AOW met je 65ste. En een forse huurverlaging,health,0,health,0
2017-02-15_D66,de rekentoets,edu,0,edu,0
2017-03-01_CDA,Ik heb daar op begrotingen ook geld voor vrijgemaakt (thuiszorg),health,0,health,0
2017-03-02_CDA,Ik vind het een van de grootste zorgen van de toekomst dat mensen de zekerheid van een vaste baan missen,jobs,0,jobs,0
2017-03-06_CDA,Het gekste vind ik de PVDA: hoe betaal die de zorg door de eerstehulp in streken weg te snijden?,health,1,health,1
2017-03-01_SP,De VVD heeft in de afgelopen jaren de bestaanszekerheid voor veel mensen afgebroken en de PVV ging daarin mee,econ,1,social,1
2017-03-07_GL,Groenlinks wil allen nieuwe voertuigen zo snel mogelijke elektrisch. Fiscale voordelen voor elketrische auto's. Een landelijk dekkend netwerk van laadpalen en snellaadstations.,environ,0,environ,0
2017-02-17_CU,Het eigen risico in de zorg gaat met 100 euro omlaag. De partij ziet ruimte voor besparingen op de sociale zekerheid. Werknemers bouwen voortaan over maximaal 40 duizend euro uitkeringsrechten op. Dit raakt mensen die meer verdienen als zij een uitkering krijgen. Veel aandacht is er ook voor vergroening: het aandeel duurzame energie stijgt van 21 naar 42 procent in 2030. De uitstoot van broeikasgassen daalt met 55 procent in ruim tien jaar.,health,0,social,0
2017-02-16_PvdD,Geen dieren meer voor dierenbuilen,environ,0,environ,0
2017-02-24_SP,Rutte was tijdens het Radio 1 debat vanmiddag wat jaloers op onze cijfers. Niet zo gek ook. We cre√´ren de meeste banen  laten de koopkracht het meest stijgen en hebben ook nog eens een begrotingsoverschot,jobs,0,jobs,1
2017-03-02_PvdA,De werkloosheid spoot omhoog. Maar we hebben nooit de uitkeringen ontkoppeld.  het jeugdloon ging omhoog.  we legden de topinkomens aan banden.  namen de schoonmakers weer in dienst.,social,0,social,0
2017-03-08_SP,Ik denk daarnaast dat Klaver op het terrein van milieu doorslaat. Hij raakt mensen heel hard in de portemonnee. Neem zijn spitsheffing. Dat is een ordinaire filebelasting voor gewone mensen. Wat is daar nou sociaal en groen aan?,environ,1,environ,1
2017-03-03_GL,Wij verlagen de lasten op arbeid,jobs,0,jobs,0
2017-03-01_SGP,"De SGP is dan ook de enige partij die al zo lang en zo consequent pleit voor een goede krijgsmacht, ook toen dat ‘uit de mode’ was. Meer geld voor Defensie, dan ben je bij de SGP aan het goede adres.",defence,0,defence,0
2017-02-15_SP,Wij investeren drie miljoen om verzorgingshuizen open te houden. Dat maakt de sp uniek. Wij willen ook bezuinigingen op de thuiszorgen terugdraaien. Ouderenzorg daar wil de SP in investeren. Maar wij willen ook zorgen dat het geld aan de zorg GOED besteed wordt. De hardwerekende nederlander die willen wij ontzien. De grote bedrijven die kunnen wij een eerlijke belasting laten betalen.,health,0,health,0
2017-03-13_50PLUS,AOW leeftijd terug naar 65 jaar,social,0,social,0
2017-03-09_SP,Daarom zijn wij duidleijk en weet je wat een stem op de SP waard is: Namelijk een zo links mogelijk kabinet zonder de VVD,gov,0,gov,0
2017-03-13_CDA,Pechtold wil zelfs hard drugs decriminaliseren,crime,1,crime,1
2017-03-06_VVD,Om de crisis uit te komen hebben we hele moeiljke maatregelen genoemen,econ,0,econ,0
2017-02-25_PvdA,Lijsttrekker Asscher nam de bal over. Hij zei zondag dat duurzaamheid bij GroenLinks een ’prestigeproject’ geworden was. Met als nabrander dat ’heel veel Nederlanders daar de rekening voor betalen’.,environ,1,environ,1
2017-03-14_SP,We hebben een keer een referendum gehad over de Europese Grondwet. De bevolking zei nee: D66 zei we doen het toch,eu,1,EU,1
2017-03-13_D66,"""Een premier moet laten zien dat hij iedereen meeneemt. En niet zoals u, meneer Buma, onderscheid maakt tussen A- en B-Nederlanders.""",norm,1,norm,1
2017-03-06_CDA,Een visbelasting,econ,0,econ,0
2017-02-28_CDA,Nederland moet eerlijker voor jongere generaties,norm,0,norm,0
2017-02-15_SP,Wij maken ons grote zorgen over toenemende eenzaamheid onder ouderen. Mark Rutte kwam met een mooie verkeizingsbelofte  maar dat heeft verkeerd uitgepakt,norm,0,norm,1
2017-02-24_SP,Rutte was tijdens het Radio 1 debat vanmiddag wat jaloers op onze cijfers. Niet zo gek ook. We cre√´ren de meeste banen  laten de koopkracht het meest stijgen en hebben ook nog eens een begrotingsoverschot,jobs,0,jobs,1
2017-03-10_PvdA,"Meneer Roemer wacht tot de onveiligiheid uit het midden-oosten hier naartoe komt, dat lijkt mij niet verstandig.",defence,1,defence,1
2017-02-24_SP,Hij ziet dat wij de koopkracht verbeteren. Hij heeft gezien dat wij veel meer banen creeren. Bovenal verlagen wij de staatsschuld harder dan de VVD dat doet. We hebben een groter begrotingsoverschat in 2021 dan de vvd dat heeft,econ,0,econ,0
2017-03-02_PvdA,Wie kiezen voor betere arbeidsvoorwaarden voor mensen in de zorg,health,0,health,0
2017-02-17_PvdD,Stimuleer gezonde en duurzame voeding!,environ,0,environ,0
2017-02-28_CDA,Daarnaast moeten er meer vaste banen komen om jongeren meer zekerheid te geven op de arbeidsmarkt,jobs,0,jobs,0
2017-03-14_SGP,Ik vind dat we het vaak genoeg over klimaat hebben gehad,environ,0,environ,0
2017-03-13_50PLUS,Het rommelen met onze pensioenen moet afgelopen zijn. Het is tenslotte uitgesteld loon!,social,0,social,0
2017-03-06_PVV,Ik vind dat als het moet dat je de verzorgingshuizen in moet kunnen,health,0,health,0
2017-02-20_SP,We willen gewoon een ziekteverzekering voor iedereen,health,0,health,0
2017-02-24_SP,Hij ziet dat wij de koopkracht verbeteren. Hij heeft gezien dat wij veel meer banen creeren. Bovenal verlagen wij de staatsschuld harder dan de VVD dat doet. We hebben een groter begrotingsoverschat in 2021 dan de vvd dat heeft,econ,0,econ,0
2017-03-12_PvdD,"Nederland stopt het faciliteren van grootschalige belastingontwijking
door multinationals, en maakt alle deals (tax rulings) die gesloten zijn met bedrijven openbaar. #PlanB",econ,0,econ,0
2017-03-14_SP,Dan zie je de enorme bezuinigingen en de enorme werkeloosheid (PVDA schuld),econ,1,econ,1
2017-03-09_SP,Door het VVD-beleid is er veel meer geprivatiseerd  veel minder overheidsbeleid  dat betekent grotere klassen  bezuinigingen op de zorg  dat betekent vrij spel voor banken,econ,1,econ,1
2017-03-05_PvdD,"Marianne Thieme: 'Als iéts onze cultuur bedreigt, is het de klimaatverandering EN de ontkenning daarvan' #PlanB",environ,0,environ,0
2017-03-12_SP,We moeten de deur dichtgooien voor het rondreizend propagandacircus van 'sultan' Erdogan  aldus SP-leider Emile Roemer.,norm,0,norm,0
2017-02-21_CU,"Mooi! Een Kamermeerderheid steunt een voorstel van ChristenUnie-Kamerlid Joël Voordewind om het kinderpardon te versoepelen. In 2016 viel nog maar 1 kind onder het kinderpardon vanwege de strikte toepassing van de regels.. Joël Voordewind ""Ik ben blij dat we eindelijk overeenstemming hebben om het kinderpardon te versoepelen. Om in aanmerking te komen voor het kinderpardon geldt een meewerkcriterium wat zo strikt werd nageleefd dat bijna niemand in aanmerking kwam voor het kinderpardon. Vorig jaar was dat maar 1 kind. We hopen met dit voorstel de meest schrijnende situaties van gewortelde asielkinderen in de toekomst te voorkomen.""",imm,0,imm,0
2017-02-17_PvdA,"Extra geld wil de PvdA  voor defensie, onderwijs en sociale zekerheid. De kinderopvangtoeslag en de AOW gaan omhoog.  de gaswinning in Groningen fors omlaag. De lasten op arbeid en inkomen dalen voor gezinnen  maar stijgen aanzienlijk voor bedrijven",defence,0,defence,0
2017-03-13_SP,Een heel aantal partijen zegt wel heel makkelijk dat je nog door kan werken na je 65e tot je 67,social,0,social,1
2017-02-20_PvdA,De gewone man gaat er in de maand te veel op achteruit (Met GL plannen). Dat is niet sociaal,social,1,social,1
2017-03-09_CDA,Het CDA is echt regionaal,norm,0,norm,0
2017-02-24_SP,Rutte was tijdens het Radio 1 debat vanmiddag wat jaloers op onze cijfers. Niet zo gek ook. We cre√´ren de meeste banen  laten de koopkracht het meest stijgen en hebben ook nog eens een begrotingsoverschot,jobs,0,jobs,1
2017-02-20_FvD,FVD gaat pal staan voor NL wetgeving. Investeren in zorgn en onderwijs. Voor het FVD ga ik bureaucratie in de zorg terugdringen. FVD gaat de dynanmiek terugbrengen in de NL samenleving en economie. Eenvoudiger belastingstelsel. Voor vrijheid van meningsuiting.  voor directe democracie.  tegen europese beknotting en tegen dwang van radicale islam.,norm,0,admin,0
2017-02-16_GL,groenlinks-zorgt-beter-beter-voor-de-staatskas-dan-de-vvd-concludeert-het-cpb,econ,0,econ,0
2017-03-09_SP,Door het VVD-beleid is er veel meer geprivatiseerd  veel minder overheidsbeleid  dat betekent grotere klassen  bezuinigingen op de zorg  dat betekent vrij spel voor banken,econ,1,econ ,1
2017-03-01_PVV,Wij hebben heel veel moties ingediend altijd,gov,0,admin,0
2017-02-19_PvdD,De belangrijkste uitdaging van dit moment is de aarde leefbaar te houden voor al haar bewoners. Plan B omdat er geen planeet B is.,environ,0,environ,0
2017-02-16_VVD,Wat betekent het VVD-programma voor ons gave LAnd? DE economie blijft groeien. Meer mensen krijgen een baan. De werkloosheid blijft dalen. In de toekomst 245.000 banen erbij. Werkende NL gaan erop vooruit. MEer geld voor werkende ouders. Kinderopvangtoeslag omhoog. Ook investeren we in defensie.  een veiliger NL en betere ouderenzorg.,econ,0,econ,0
2017-02-22_PvdD,Speerpunt: nationaal zorgfodns,health,0,health,0
2017-03-01_CDA,Groenlinks en Christen unie zeggen zet de grenze maar open,imm,1,imm,1
2017-03-03_GL,Andere partijen zoals groenlinks kiezen ervor dat mensen er wel op vooruitgaan,econ,0,social,0
2017-03-09_VVD,Maar 4 jaar later groeit de economie  neemt werkloosheid af en is er een begrotingsoverschot,econ,0,econ,0
2017-03-04_PvdD,Een nationaal zorgfonds,health,0,health,0
2017-03-11_VVD,De Turkijedeal werd alleen door VVD  PvdA en SGP gesteund. Niet door D66 en CDA.  omdat die vonden dat we geen deals moeten sluiten met de Turkse regering. Ze duiken weg. Hoe zal dat straks gaan? Ik maak me daar heel grote zorgen over,imm,1,imm,1
2017-03-07_GL,U zegt we worden het snel eens over het aanpakken van belastingontwijking. IN uw verkiezingsprogramma over hoe we belastingontwijkking gaan aanpakken. Niks nada noppes,econ,1,econ,1
2017-03-06_CDA,"„Ik ben opgevoed met een enorm plichtsbesef. Je zorgt voor elkaar, je werkt voor je geld en je laat de wereld wat beter achter dan je haar gekregen hebt. Dat is wat mijn ouders mij meegegeven hebben in hun opvoeding. Een heel waardevolle les, die we alle kinderen in Nederland zouden moeten meegeven. Daarom pleiten we voor de invoering van de maatschappelijke dienstplicht.”",norm,0,norm,0
2017-02-15_SP,Wij maken ons grote zorgen over toenemende eenzaamheid onder ouderen. Mark Rutte kwam met een mooie verkeizingsbelofte  maar dat heeft verkeerd uitgepakt,norm,0,social,1
2017-03-13_CDA,Dat doen we wel (Parijsakkoord),environ,0,environ,0